{
    "mse": 0.5558915986952435,
    "r2": 0.5757877060324514
}